Workbook

Sheet ETAPA 1. DADOS DO PROCESSO
A2: Unidade:
A3: Setor:
A4: Responsável pelo gerenciamento:
A5: Processos
A6: Processo (indicar) | B6: Objetivos do Processo (Geral e específicos) (descrever)
A7: Evento de entrega de diplomas de conclusão de curso | B7: Realizar o evento de entrega de diplomas de conclusão de curso de forma solene, segura e eficiente, garantindo que todos os formandos aptos recebam seu diploma em um prazo estabelecido, promovendo a satisfação da comunidade acadêmica e a imagem institucional da UFC.

Sheet ETAPA 2. IDENTIFICAÇÃO DE EVENT
A2: Processo | B2: Fase | C2: Evento de Risco (indicar) | D2: Tipo de Risco | E2: Categoria | F2: Tipo de Risco de Integridade | G2: Causas (descrever) | H2: Consequências (descrever)
A3: ='ETAPA 1. DADOS DO PROCESSO'!A$7 -> Evento de entrega de diplomas de conclusão de curso | B3: Planejamento | C3: Imediato
A4: ='ETAPA 1. DADOS DO PROCESSO'!A$7 -> Evento de entrega de diplomas de conclusão de curso | B4: Planejamento | C4: Entrega de diploma com dados incorretos (ex: nome do curso, data, nome do aluno). | D4: Ameaça | E4: Integridade | F4: Fraude | G4: Falha humana na conferência final dos dados antes da impressão. | H4: Necessidade de reimpressão, gerando custos adicionais e desperdício de tempo.
A5: ='ETAPA 1. DADOS DO PROCESSO'!A$7 -> Evento de entrega de diplomas de conclusão de curso | C5: Não comparecimento (ausência) da autoridade máxima (Reitor/Diretor) na data marcada. | D5: Ameaça | E5: Imagem/reputação | F5: Desvio de Conduta | G5: Conflito de agenda não comunicado ou não priorizado na fase de planejamento e agendamento. | H5: Perda da solenidade do evento, redução do prestígio institucional e frustração dos formandos.
A6: ='ETAPA 1. DADOS DO PROCESSO'!A$7 -> Evento de entrega de diplomas de conclusão de curso | C6: Superlotação do local, excedendo a capacidade de segurança e conforto (falha no controle de convites). | D6: Ameaça | E6: Operacionais | F6: Fraude | G6: Cálculo incorreto da capacidade máxima ou falha na distribuição/controle de convites por formando. | H6: Risco de segurança e pânico, necessidade de interrupção ou restrição de entrada, e multas por descumprimento de normas de segurança.
A7: ='ETAPA 1. DADOS DO PROCESSO'!A$7 -> Evento de entrega de diplomas de conclusão de curso | C7: Entrega do diploma ao formando errado devido à falha de identificação no momento da retirada. | D7: Ameaça | E7: Integridade | F7: Corrupção | G7: Falta de um protocolo rigoroso de identificação (ex: exigência de documento com foto) no ponto de entrega. | H7: Diploma valioso entregue à pessoa errada, necessidade de reemissão (custo e atraso) e risco de extravio de documento. | J7: Abuso de posição ou poder em favor de interesses privados
A8: ='ETAPA 1. DADOS DO PROCESSO'!A$7 -> Evento de entrega de diplomas de conclusão de curso | C8: Tentativa de fraude (colação de grau por procuração falsa ou retirada de diploma por terceiros não autorizados). | D8: Ameaça | E8: Integridade | F8: Fraude | G8: Ausência de verificação da autenticidade da procuração ou de cruzamento de dados de identidade no ato da retirada. | H8: Entrega indevida de documento público, risco de processo judicial e dano irreparável à integridade do processo de formatura. | J8: Nepotismo
A9: ='ETAPA 1. DADOS DO PROCESSO'!A$7 -> Evento de entrega de diplomas de conclusão de curso | C9: Falha técnica nos equipamentos de som ou projeção durante a solenidade (microfones, telões, iluminação). | D9: Ameaça | E9: Operacionais | F9: Desvio de Conduta | G9: Falta de um check-list de testes e walk-through antes do evento e uso de equipamentos sem manutenção preventiva. | H9: Interrupção do evento, dificuldades na comunicação com o público e percepção de amadorismo na organização. | J9: Conflito de Interesses
A10: ='ETAPA 1. DADOS DO PROCESSO'!A$7 -> Evento de entrega de diplomas de conclusão de curso | C10: O número de diplomas prontos para entrega é menor que o número de formandos aptos confirmados. | D10: Ameaça | E10: Operacionais | F10: Desvio de Conduta | G10: Erro na contagem final dos formandos aptos ou atraso na fase de impressão e registro da documentação final. | H10: Um grupo de formandos fica sem o diploma no dia, gerando frustração, indignação e necessidade de organizar uma entrega posterior urgente. | J10: Pressão Interna ou Externa Ilegal ou Antiética para influenciar agente público
A11: ='ETAPA 1. DADOS DO PROCESSO'!A$7 -> Evento de entrega de diplomas de conclusão de curso | C11: Divulgação de notícias negativas ou reclamações públicas (ex: em redes sociais) sobre a má organização ou atrasos excessivos. | D11: Ameaça | E11: Imagem/reputação | F11: Desvio de Conduta | G11: Má gestão do tempo no cronograma do evento ou falta de comunicação clara com o público sobre os atrasos. | H11: Dano significativo e viral à imagem e reputação da UFC na mídia e redes sociais. | J11: Solicitação ou recebimento de vantagem indevida
A12: ='ETAPA 1. DADOS DO PROCESSO'!A$7 -> Evento de entrega de diplomas de conclusão de curso | C12: Ocorrência de acidentes ou incidentes físicos com convidados ou formandos nas dependências do local do evento. | D12: Ameaça | E12: Imagem/reputação | F12: Desvio de Conduta | G12: Falha na inspeção de segurança do local (ex: piso escorregadio) ou ausência de equipe de primeiros socorros. | H12: Lesões ou danos à saúde de convidados, interrupção do evento e responsabilidade civil da instituição. | J12: Utilização de recursos em favor de interesses privados
A13: ='ETAPA 1. DADOS DO PROCESSO'!A$7 -> Evento de entrega de diplomas de conclusão de curso | C13: Atraso na liberação ou entrega do espaço físico (auditório/teatro) para a montagem no dia do evento. | D13: Ameaça | E13: Operacionais | F13: Fraude | G13: Conflito de agendamento do espaço com outro evento anterior ou atraso na liberação pela equipe do local. | H13: Atraso no início da solenidade, execução apressada da montagem e possíveis falhas operacionais devido à falta de tempo de teste.
A14: ='ETAPA 1. DADOS DO PROCESSO'!A$7 -> Evento de entrega de diplomas de conclusão de curso
A15: ='ETAPA 1. DADOS DO PROCESSO'!A$7 -> Evento de entrega de diplomas de conclusão de curso
A16: ='ETAPA 1. DADOS DO PROCESSO'!A$7 -> Evento de entrega de diplomas de conclusão de curso
A17: ='ETAPA 1. DADOS DO PROCESSO'!A$7 -> Evento de entrega de diplomas de conclusão de curso
A18: ='ETAPA 1. DADOS DO PROCESSO'!A$7 -> Evento de entrega de diplomas de conclusão de curso
A19: ='ETAPA 1. DADOS DO PROCESSO'!A$7 -> Evento de entrega de diplomas de conclusão de curso
A20: ='ETAPA 1. DADOS DO PROCESSO'!A$7 -> Evento de entrega de diplomas de conclusão de curso
A21: ='ETAPA 1. DADOS DO PROCESSO'!A$7 -> Evento de entrega de diplomas de conclusão de curso
A22: ='ETAPA 1. DADOS DO PROCESSO'!A$7 -> Evento de entrega de diplomas de conclusão de curso
A23: ='ETAPA 1. DADOS DO PROCESSO'!A$7 -> Evento de entrega de diplomas de conclusão de curso
A24: ='ETAPA 1. DADOS DO PROCESSO'!A$7 -> Evento de entrega de diplomas de conclusão de curso
A25: ='ETAPA 1. DADOS DO PROCESSO'!A$7 -> Evento de entrega de diplomas de conclusão de curso
... A42: ='ETAPA 1. DADOS DO PROCESSO'!A$7 -> Evento de entrega de diplomas de conclusão de curso

Sheet ETAPA 3. AVALIAÇÃO DE RISCOS
A1: Avaliação dos Riscos | H1: Avaliação dos Controles | M1: Risco Residual
A2: Evento de Risco | B2: Probabilidade | C2: P | D2: Impacto | E2: I | F2: Risco Inerente (PxI) | G2: Classificação do Risco Inerente | H2: Controles Preventivos (descrever) | I2: Controles de atenuação e recuperação (descrever) | J2: Avaliação dos Controles | K2: FAC | L2: Risco Residual | M2: Classificação do Risco Residual | N2: Data da Última Avaliação
A3: ='ETAPA 2. IDENTIFICAÇÃO DE EVENT'!C3 -> Imediato | B3: Média | C3: =IF(B3 = "Muito alta", 10, IF(B3 = "Alta", 8, IF(B3 = "Média", 5, IF(B3 = "Baixa", 2, IF(B3 = "Muito baixa", 1,0))))) -> 5 | D3: Muito alto | E3: =IF(D3 = "Muito alto", 10, IF(D3 = "Alto", 8, IF(D3 = "Médio", 5, IF(D3 = "Baixo", 2, IF(D3 = "Muito baixo", 1,0))))) -> 10 | F3: =C3*E3 -> 50 | G3: =IF(F3=0,"",IF(F3<10, "Risco Baixo", IF(F3<40, "Risco Médio", IF(F3<80, "Risco Alto", "Risco Extremo")))) -> Risco Alto | J3: Mediano | K3: =IF(J3 = "Inexistente", 1, IF(J3 = "Fraco", 0.8, IF(J3 = "Mediano", 0.6, IF(J3 = "Satisfatório", 0.4, IF(J3 = "Forte", 0.2,0))))) -> 0.6 | L3: =K3*F3 -> 30 | M3: =IF(L3=0,"",IF(L3<10, "Risco Baixo", IF(L3<40, "Risco Médio", IF(L3<80, "Risco Alto", "Risco Extremo")))) -> Risco Médio | N3: 45994
A4: ='ETAPA 2. IDENTIFICAÇÃO DE EVENT'!C4 -> Entrega de diploma com dados incorretos (ex: nome do curso, data, nome do aluno). | B4: Alta | C4: =IF(B4 = "Muito alta", 10, IF(B4 = "Alta", 8, IF(B4 = "Média", 5, IF(B4 = "Baixa", 2, IF(B4 = "Muito baixa", 1,0))))) -> 8 | D4: Muito alto | E4: =IF(D4 = "Muito alto", 10, IF(D4 = "Alto", 8, IF(D4 = "Médio", 5, IF(D4 = "Baixo", 2, IF(D4 = "Muito baixo", 1,0))))) -> 10 | F4: =C4*E4 -> 80 | G4: =IF(F4=0,"",IF(F4<10, "Risco Baixo", IF(F4<40, "Risco Médio", IF(F4<80, "Risco Alto", "Risco Extremo")))) -> Risco Extremo | H4: O controle preventivo para o risco de diploma incorreto consiste em implementar um Protocolo de Validação Tripla, atuando em múltiplas barreiras antes da impressão final. Este protocolo exige que o sistema realize uma validação sistêmica cruzada automática contra os registros acadêmicos oficiais, seguida por uma validação humana e setorial (conferência manual por um funcionário em um checklist assinado) e, crucialmente, pelo Aceite Final Obrigatório do Formando, que deve assinar um termo de "De Acordo" confirmando a exatidão de todos os seus dados antes que a impressão do documento final seja liberada. | I4: Atenuação: Guichê de Atendimento Rápido no local para registrar o erro. Recuperação: Priorizar o processo de reemissão em prazo máximo reduzido (ex: 15 dias). | J4: Forte | K4: =IF(J4 = "Inexistente", 1, IF(J4 = "Fraco", 0.8, IF(J4 = "Mediano", 0.6, IF(J4 = "Satisfatório", 0.4, IF(J4 = "Forte", 0.2,0))))) -> 0.2 | L4: =K4*F4 -> 16 | M4: =IF(L4=0,"",IF(L4<10, "Risco Baixo", IF(L4<40, "Risco Médio", IF(L4<80, "Risco Alto", "Risco Extremo")))) -> Risco Médio | N4: 45994
A5: ='ETAPA 2. IDENTIFICAÇÃO DE EVENT'!C5 -> Não comparecimento (ausência) da autoridade máxima (Reitor/Diretor) na data marcada. | B5: Média | C5: =IF(B5 = "Muito alta", 10, IF(B5 = "Alta", 8, IF(B5 = "Média", 5, IF(B5 = "Baixa", 2, IF(B5 = "Muito baixa", 1,0))))) -> 5 | D5: Alto | E5: =IF(D5 = "Muito alto", 10, IF(D5 = "Alto", 8, IF(D5 = "Médio", 5, IF(D5 = "Baixo", 2, IF(D5 = "Muito baixo", 1,0))))) -> 8 | F5: =C5*E5 -> 40 | G5: =IF(F5=0,"",IF(F5<10, "Risco Baixo", IF(F5<40, "Risco Médio", IF(F5<80, "Risco Alto", "Risco Extremo")))) -> Risco Alto | H5: Definir e confirmar, com antecedência de 90 dias, o nome da autoridade substituta (Vice-Reitor ou Pró-Reitor) e incluí-lo no cerimonial de backup. | I5: Atenuação: Anunciar a substituição no início do evento com ênfase no motivo. Recuperação: Enviar carta formal e vídeo da autoridade ausente aos formandos, reconhecendo a importância da solenidade. | J5: Mediano | K5: =IF(J5 = "Inexistente", 1, IF(J5 = "Fraco", 0.8, IF(J5 = "Mediano", 0.6, IF(J5 = "Satisfatório", 0.4, IF(J5 = "Forte", 0.2,0))))) -> 0.6 | L5: =K5*F5 -> 24 | M5: =IF(L5=0,"",IF(L5<10, "Risco Baixo", IF(L5<40, "Risco Médio", IF(L5<80, "Risco Alto", "Risco Extremo")))) -> Risco Médio | N5: 45994
A6: ='ETAPA 2. IDENTIFICAÇÃO DE EVENT'!C6 -> Superlotação do local, excedendo a capacidade de segurança e conforto (falha no controle de convites). | B6: Alta | C6: =IF(B6 = "Muito alta", 10, IF(B6 = "Alta", 8, IF(B6 = "Média", 5, IF(B6 = "Baixa", 2, IF(B6 = "Muito baixa", 1,0))))) -> 8 | D6: Alto | E6: =IF(D6 = "Muito alto", 10, IF(D6 = "Alto", 8, IF(D6 = "Médio", 5, IF(D6 = "Baixo", 2, IF(D6 = "Muito baixo", 1,0))))) -> 8 | F6: =C6*E6 -> 64 | G6: =IF(F6=0,"",IF(F6<10, "Risco Baixo", IF(F6<40, "Risco Médio", IF(F6<80, "Risco Alto", "Risco Extremo")))) -> Risco Alto | H6: Emitir convites com QR code ou numeração rastreável, limitando rigorosamente a emissão à capacidade do local. Implementar controle de acesso digital na entrada. | I6: Atenuação: Designar equipe de segurança para lidar com a porta, comunicando que o limite foi atingido. Recuperação: Oferecer transmissão por streaming ao vivo para convidados barrados. | J6: Forte | K6: =IF(J6 = "Inexistente", 1, IF(J6 = "Fraco", 0.8, IF(J6 = "Mediano", 0.6, IF(J6 = "Satisfatório", 0.4, IF(J6 = "Forte", 0.2,0))))) -> 0.2 | L6: =K6*F6 -> 12.8 | M6: =IF(L6=0,"",IF(L6<10, "Risco Baixo", IF(L6<40, "Risco Médio", IF(L6<80, "Risco Alto", "Risco Extremo")))) -> Risco Médio | N6: 45994
A7: ='ETAPA 2. IDENTIFICAÇÃO DE EVENT'!C7 -> Entrega do diploma ao formando errado devido à falha de identificação no momento da retirada. | B7: Muito alta | C7: =IF(B7 = "Muito alta", 10, IF(B7 = "Alta", 8, IF(B7 = "Média", 5, IF(B7 = "Baixa", 2, IF(B7 = "Muito baixa", 1,0))))) -> 10 | D7: Muito alto | E7: =IF(D7 = "Muito alto", 10, IF(D7 = "Alto", 8, IF(D7 = "Médio", 5, IF(D7 = "Baixo", 2, IF(D7 = "Muito baixo", 1,0))))) -> 10 | F7: =C7*E7 -> 100 | G7: =IF(F7=0,"",IF(F7<10, "Risco Baixo", IF(F7<40, "Risco Médio", IF(F7<80, "Risco Alto", "Risco Extremo")))) -> Risco Extremo | H7: Exigir documento de identidade oficial com foto no ato da entrega e implementar sistema de dupla checagem (lê o RG, lê o QR code do diploma) antes da retirada. | I7: Atenuação: Interromper imediatamente a fila de entrega ao notar o erro. Recuperação: Acionar imediatamente a apólice de seguro contra extravio/roubo e iniciar o processo de reemissão. | J7: Satisfatório | K7: =IF(J7 = "Inexistente", 1, IF(J7 = "Fraco", 0.8, IF(J7 = "Mediano", 0.6, IF(J7 = "Satisfatório", 0.4, IF(J7 = "Forte", 0.2,0))))) -> 0.4 | L7: =K7*F7 -> 40 | M7: =IF(L7=0,"",IF(L7<10, "Risco Baixo", IF(L7<40, "Risco Médio", IF(L7<80, "Risco Alto", "Risco Extremo")))) -> Risco Alto | N7: 45994
A8: ='ETAPA 2. IDENTIFICAÇÃO DE EVENT'!C8 -> Tentativa de fraude (colação de grau por procuração falsa ou retirada de diploma por terceiros não autorizados). | B8: Média | C8: =IF(B8 = "Muito alta", 10, IF(B8 = "Alta", 8, IF(B8 = "Média", 5, IF(B8 = "Baixa", 2, IF(B8 = "Muito baixa", 1,0))))) -> 5 | D8: Alto | E8: =IF(D8 = "Muito alto", 10, IF(D8 = "Alto", 8, IF(D8 = "Médio", 5, IF(D8 = "Baixo", 2, IF(D8 = "Muito baixo", 1,0))))) -> 8 | F8: =C8*E8 -> 40 | G8: =IF(F8=0,"",IF(F8<10, "Risco Baixo", IF(F8<40, "Risco Médio", IF(F8<80, "Risco Alto", "Risco Extremo")))) -> Risco Alto | H8: Criar um cadastro prévio de procurações com verificação de autenticidade (via cartório/sistema). Exigir autenticação rigorosa de todas as identidades (formando ou procurador) no local. | I8: Atenuação: Acionar a segurança interna para isolar o indivíduo suspeito e notificar a autoridade competente (polícia civil/setor jurídico). Recuperação: Documentar a tentativa de fraude para fins legais e revisar o protocolo de segurança. | J8: Mediano | K8: =IF(J8 = "Inexistente", 1, IF(J8 = "Fraco", 0.8, IF(J8 = "Mediano", 0.6, IF(J8 = "Satisfatório", 0.4, IF(J8 = "Forte", 0.2,0))))) -> 0.6 | L8: =K8*F8 -> 24 | M8: =IF(L8=0,"",IF(L8<10, "Risco Baixo", IF(L8<40, "Risco Médio", IF(L8<80, "Risco Alto", "Risco Extremo")))) -> Risco Médio | N8: 45994
A9: ='ETAPA 2. IDENTIFICAÇÃO DE EVENT'!C9 -> Falha técnica nos equipamentos de som ou projeção durante a solenidade (microfones, telões, iluminação). | B9: Alta | C9: =IF(B9 = "Muito alta", 10, IF(B9 = "Alta", 8, IF(B9 = "Média", 5, IF(B9 = "Baixa", 2, IF(B9 = "Muito baixa", 1,0))))) -> 8 | D9: Muito alto | E9: =IF(D9 = "Muito alto", 10, IF(D9 = "Alto", 8, IF(D9 = "Médio", 5, IF(D9 = "Baixo", 2, IF(D9 = "Muito baixo", 1,0))))) -> 10 | F9: =C9*E9 -> 80 | G9: =IF(F9=0,"",IF(F9<10, "Risco Baixo", IF(F9<40, "Risco Médio", IF(F9<80, "Risco Alto", "Risco Extremo")))) -> Risco Extremo | H9: Realizar teste de som e projeção completo (walk-through) 2 horas antes do evento. Ter equipamento de backup essenciais (microfones e cabos) prontamente disponíveis. | I9: Atenuação: Acionar o plano B (microfone de mão de backup ou projetor reserva) em menos de 5 minutos. Recuperação: Comunicar o público com calma e retomar a solenidade usando o equipamento reserva o mais rápido possível. | J9: Forte | K9: =IF(J9 = "Inexistente", 1, IF(J9 = "Fraco", 0.8, IF(J9 = "Mediano", 0.6, IF(J9 = "Satisfatório", 0.4, IF(J9 = "Forte", 0.2,0))))) -> 0.2 | L9: =K9*F9 -> 16 | M9: =IF(L9=0,"",IF(L9<10, "Risco Baixo", IF(L9<40, "Risco Médio", IF(L9<80, "Risco Alto", "Risco Extremo")))) -> Risco Médio | N9: 45994
A10: ='ETAPA 2. IDENTIFICAÇÃO DE EVENT'!C10 -> O número de diplomas prontos para entrega é menor que o número de formandos aptos confirmados. | B10: Média | C10: =IF(B10 = "Muito alta", 10, IF(B10 = "Alta", 8, IF(B10 = "Média", 5, IF(B10 = "Baixa", 2, IF(B10 = "Muito baixa", 1,0))))) -> 5 | D10: Muito alto | E10: =IF(D10 = "Muito alto", 10, IF(D10 = "Alto", 8, IF(D10 = "Médio", 5, IF(D10 = "Baixo", 2, IF(D10 = "Muito baixo", 1,0))))) -> 10 | F10: =C10*E10 -> 50 | G10: =IF(F10=0,"",IF(F10<10, "Risco Baixo", IF(F10<40, "Risco Médio", IF(F10<80, "Risco Alto", "Risco Extremo")))) -> Risco Alto | H10: Otimizar o protocolo de conferência de aptidão para reduzir a chance de erro de contagem final. Criar uma lista de urgência (Formandos Aptos) 48h antes do evento. | I10: Atenuação: Chamar apenas os formandos cujos diplomas estão presentes, comunicando os ausentes com extrema discrição e oferecendo um canal prioritário de contato. Recuperação: Iniciar imediatamente a impressão urgente dos diplomas faltantes. | J10: Forte | K10: =IF(J10 = "Inexistente", 1, IF(J10 = "Fraco", 0.8, IF(J10 = "Mediano", 0.6, IF(J10 = "Satisfatório", 0.4, IF(J10 = "Forte", 0.2,0))))) -> 0.2 | L10: =K10*F10 -> 10 | M10: =IF(L10=0,"",IF(L10<10, "Risco Baixo", IF(L10<40, "Risco Médio", IF(L10<80, "Risco Alto", "Risco Extremo")))) -> Risco Médio | N10: 45994
A11: ='ETAPA 2. IDENTIFICAÇÃO DE EVENT'!C11 -> Divulgação de notícias negativas ou reclamações públicas (ex: em redes sociais) sobre a má organização ou atrasos excessivos. | B11: Média | C11: =IF(B11 = "Muito alta", 10, IF(B11 = "Alta", 8, IF(B11 = "Média", 5, IF(B11 = "Baixa", 2, IF(B11 = "Muito baixa", 1,0))))) -> 5 | D11: Alto | E11: =IF(D11 = "Muito alto", 10, IF(D11 = "Alto", 8, IF(D11 = "Médio", 5, IF(D11 = "Baixo", 2, IF(D11 = "Muito baixo", 1,0))))) -> 8 | F11: =C11*E11 -> 40 | G11: =IF(F11=0,"",IF(F11<10, "Risco Baixo", IF(F11<40, "Risco Médio", IF(F11<80, "Risco Alto", "Risco Extremo")))) -> Risco Alto | H11: Elaborar um Plano de Comunicação e Crise, incluindo mensagens (scripts) de resposta rápida e padronizadas para social media e imprensa. | I11: Atenuação: Responder de forma empática e transparente em até 2 horas nas redes sociais, canalizando a reclamação para um contato privado. Recuperação: Publicar uma nota oficial de esclarecimento e pedido de desculpas pela autoridade máxima, detalhando as medidas corretivas tomadas. | J11: Satisfatório | K11: =IF(J11 = "Inexistente", 1, IF(J11 = "Fraco", 0.8, IF(J11 = "Mediano", 0.6, IF(J11 = "Satisfatório", 0.4, IF(J11 = "Forte", 0.2,0))))) -> 0.4 | L11: =K11*F11 -> 16 | M11: =IF(L11=0,"",IF(L11<10, "Risco Baixo", IF(L11<40, "Risco Médio", IF(L11<80, "Risco Alto", "Risco Extremo")))) -> Risco Médio | N11: 45994
A12: ='ETAPA 2. IDENTIFICAÇÃO DE EVENT'!C12 -> Ocorrência de acidentes ou incidentes físicos com convidados ou formandos nas dependências do local do evento. | B12: Alta | C12: =IF(B12 = "Muito alta", 10, IF(B12 = "Alta", 8, IF(B12 = "Média", 5, IF(B12 = "Baixa", 2, IF(B12 = "Muito baixa", 1,0))))) -> 8 | D12: Alto | E12: =IF(D12 = "Muito alto", 10, IF(D12 = "Alto", 8, IF(D12 = "Médio", 5, IF(D12 = "Baixo", 2, IF(D12 = "Muito baixo", 1,0))))) -> 8 | F12: =C12*E12 -> 64 | G12: =IF(F12=0,"",IF(F12<10, "Risco Baixo", IF(F12<40, "Risco Médio", IF(F12<80, "Risco Alto", "Risco Extremo")))) -> Risco Alto | H12: Realizar inspeção de segurança prévia no local (pisos, iluminação, saídas de emergência) e exigir a presença de uma equipe de primeiros socorros/bombeiros durante todo o evento. | I12: Atenuação: Prestar o primeiro socorro imediatamente, isolar a área do acidente e garantir que o restante do evento possa prosseguir sem interrupção. Recuperação: Acionar o seguro de responsabilidade civil, preencher o relatório de ocorrência e acompanhar o estado de saúde da vítima. | J12: Forte | K12: =IF(J12 = "Inexistente", 1, IF(J12 = "Fraco", 0.8, IF(J12 = "Mediano", 0.6, IF(J12 = "Satisfatório", 0.4, IF(J12 = "Forte", 0.2,0))))) -> 0.2 | L12: =K12*F12 -> 12.8 | M12: =IF(L12=0,"",IF(L12<10, "Risco Baixo", IF(L12<40, "Risco Médio", IF(L12<80, "Risco Alto", "Risco Extremo")))) -> Risco Médio | N12: 45994
A13: ='ETAPA 2. IDENTIFICAÇÃO DE EVENT'!C13 -> Atraso na liberação ou entrega do espaço físico (auditório/teatro) para a montagem no dia do evento. | B13: Baixa | C13: =IF(B13 = "Muito alta", 10, IF(B13 = "Alta", 8, IF(B13 = "Média", 5, IF(B13 = "Baixa", 2, IF(B13 = "Muito baixa", 1,0))))) -> 2 | D13: Muito alto | E13: =IF(D13 = "Muito alto", 10, IF(D13 = "Alto", 8, IF(D13 = "Médio", 5, IF(D13 = "Baixo", 2, IF(D13 = "Muito baixo", 1,0))))) -> 10 | F13: =C13*E13 -> 20 | G13: =IF(F13=0,"",IF(F13<10, "Risco Baixo", IF(F13<40, "Risco Médio", IF(F13<80, "Risco Alto", "Risco Extremo")))) -> Risco Médio | H13: Incluir cláusulas contratuais rigorosas com o fornecedor do espaço que preveem multas por atraso na entrega/liberação. Agendar o espaço com uma folga de 4 horas antes do horário de montagem. | I13: Atenuação: Utilizar o tempo de buffer para manter o cronograma. Recuperação: Negociar com o fornecedor do espaço compensações e mobilizar uma equipe extra de montagem para acelerar o processo e minimizar o atraso no início do evento. | J13: Forte | K13: =IF(J13 = "Inexistente", 1, IF(J13 = "Fraco", 0.8, IF(J13 = "Mediano", 0.6, IF(J13 = "Satisfatório", 0.4, IF(J13 = "Forte", 0.2,0))))) -> 0.2 | L13: =K13*F13 -> 4 | M13: =IF(L13=0,"",IF(L13<10, "Risco Baixo", IF(L13<40, "Risco Médio", IF(L13<80, "Risco Alto", "Risco Extremo")))) -> Risco Baixo | N13: 45994
A14: ='ETAPA 2. IDENTIFICAÇÃO DE EVENT'!C14 | C14: =IF(B14 = "Muito alta", 10, IF(B14 = "Alta", 8, IF(B14 = "Média", 5, IF(B14 = "Baixa", 2, IF(B14 = "Muito baixa", 1,0))))) -> 0 | E14: =IF(D14 = "Muito alto", 10, IF(D14 = "Alto", 8, IF(D14 = "Médio", 5, IF(D14 = "Baixo", 2, IF(D14 = "Muito baixo", 1,0))))) -> 0 | F14: =C14*E14 -> 0 | G14: =IF(F14=0,"",IF(F14<10, "Risco Baixo", IF(F14<40, "Risco Médio", IF(F14<80, "Risco Alto", "Risco Extremo")))) | K14: =IF(J14 = "Inexistente", 1, IF(J14 = "Fraco", 0.8, IF(J14 = "Mediano", 0.6, IF(J14 = "Satisfatório", 0.4, IF(J14 = "Forte", 0.2,0))))) -> 0 | L14: =K14*F14 -> 0 | M14: =IF(L14=0,"",IF(L14<10, "Risco Baixo", IF(L14<40, "Risco Médio", IF(L14<80, "Risco Alto", "Risco Extremo"))))
A15: ='ETAPA 2. IDENTIFICAÇÃO DE EVENT'!C15 | C15: =IF(B15 = "Muito alta", 10, IF(B15 = "Alta", 8, IF(B15 = "Média", 5, IF(B15 = "Baixa", 2, IF(B15 = "Muito baixa", 1,0))))) -> 0 | E15: =IF(D15 = "Muito alto", 10, IF(D15 = "Alto", 8, IF(D15 = "Médio", 5, IF(D15 = "Baixo", 2, IF(D15 = "Muito baixo", 1,0))))) -> 0 | F15: =C15*E15 -> 0 | K15: =IF(J15 = "Inexistente", 1, IF(J15 = "Fraco", 0.8, IF(J15 = "Mediano", 0.6, IF(J15 = "Satisfatório", 0.4, IF(J15 = "Forte", 0.2,0))))) -> 0 | L15: =K15*F15 -> 0 | M15: =IF(L15=0,"",IF(L15<10, "Risco Baixo", IF(L15<40, "Risco Médio", IF(L15<80, "Risco Alto", "Risco Extremo"))))
A16: ='ETAPA 2. IDENTIFICAÇÃO DE EVENT'!C16 | C16: =IF(B16 = "Muito alta", 10, IF(B16 = "Alta", 8, IF(B16 = "Média", 5, IF(B16 = "Baixa", 2, IF(B16 = "Muito baixa", 1,0))))) -> 0 | E16: =IF(D16 = "Muito alto", 10, IF(D16 = "Alto", 8, IF(D16 = "Médio", 5, IF(D16 = "Baixo", 2, IF(D16 = "Muito baixo", 1,0))))) -> 0 | F16: =C16*E16 -> 0 | G16: =IF(F16=0,"",IF(F16<10, "Risco Baixo", IF(F16<40, "Risco Médio", IF(F16<80, "Risco Alto", "Risco Extremo")))) | J16: Inexistente | K16: =IF(J16 = "Inexistente", 1, IF(J16 = "Fraco", 0.8, IF(J16 = "Mediano", 0.6, IF(J16 = "Satisfatório", 0.4, IF(J16 = "Forte", 0.2,0))))) -> 1 | L16: =K16*F16 -> 0 | M16: =IF(L16=0,"",IF(L16<10, "Risco Baixo", IF(L16<40, "Risco Médio", IF(L16<80, "Risco Alto", "Risco Extremo"))))
A17: ='ETAPA 2. IDENTIFICAÇÃO DE EVENT'!C17 | C17: =IF(B17 = "Muito alta", 10, IF(B17 = "Alta", 8, IF(B17 = "Média", 5, IF(B17 = "Baixa", 2, IF(B17 = "Muito baixa", 1,0))))) -> 0 | E17: =IF(D17 = "Muito alto", 10, IF(D17 = "Alto", 8, IF(D17 = "Médio", 5, IF(D17 = "Baixo", 2, IF(D17 = "Muito baixo", 1,0))))) -> 0 | F17: =C17*E17 -> 0 | G17: =IF(F17=0,"",IF(F17<10, "Risco Baixo", IF(F17<40, "Risco Médio", IF(F17<80, "Risco Alto", "Risco Extremo")))) | K17: =IF(J17 = "Inexistente", 1, IF(J17 = "Fraco", 0.8, IF(J17 = "Mediano", 0.6, IF(J17 = "Satisfatório", 0.4, IF(J17 = "Forte", 0.2,0))))) -> 0 | L17: =K17*F17 -> 0 | M17: =IF(L17=0,"",IF(L17<10, "Risco Baixo", IF(L17<40, "Risco Médio", IF(L17<80, "Risco Alto", "Risco Extremo"))))
A18: ='ETAPA 2. IDENTIFICAÇÃO DE EVENT'!C18 | C18: =IF(B18 = "Muito alta", 10, IF(B18 = "Alta", 8, IF(B18 = "Média", 5, IF(B18 = "Baixa", 2, IF(B18 = "Muito baixa", 1,0))))) -> 0 | E18: =IF(D18 = "Muito alto", 10, IF(D18 = "Alto", 8, IF(D18 = "Médio", 5, IF(D18 = "Baixo", 2, IF(D18 = "Muito baixo", 1,0))))) -> 0 | F18: =C18*E18 -> 0 | G18: =IF(F18=0,"",IF(F18<10, "Risco Baixo", IF(F18<40, "Risco Médio", IF(F18<80, "Risco Alto", "Risco Extremo")))) | K18: =IF(J18 = "Inexistente", 1, IF(J18 = "Fraco", 0.8, IF(J18 = "Mediano", 0.6, IF(J18 = "Satisfatório", 0.4, IF(J18 = "Forte", 0.2,0))))) -> 0 | L18: =K18*F18 -> 0 | M18: =IF(L18=0,"",IF(L18<10, "Risco Baixo", IF(L18<40, "Risco Médio", IF(L18<80, "Risco Alto", "Risco Extremo"))))
A19: ='ETAPA 2. IDENTIFICAÇÃO DE EVENT'!C19 | C19: =IF(B19 = "Muito alta", 10, IF(B19 = "Alta", 8, IF(B19 = "Média", 5, IF(B19 = "Baixa", 2, IF(B19 = "Muito baixa", 1,0))))) -> 0 | E19: =IF(D19 = "Muito alto", 10, IF(D19 = "Alto", 8, IF(D19 = "Médio", 5, IF(D19 = "Baixo", 2, IF(D19 = "Muito baixo", 1,0))))) -> 0 | F19: =C19*E19 -> 0 | G19: =IF(F19=0,"",IF(F19<10, "Risco Baixo", IF(F19<40, "Risco Médio", IF(F19<80, "Risco Alto", "Risco Extremo")))) | K19: =IF(J19 = "Inexistente", 1, IF(J19 = "Fraco", 0.8, IF(J19 = "Mediano", 0.6, IF(J19 = "Satisfatório", 0.4, IF(J19 = "Forte", 0.2,0))))) -> 0 | L19: =K19*F19 -> 0 | M19: =IF(L19=0,"",IF(L19<10, "Risco Baixo", IF(L19<40, "Risco Médio", IF(L19<80, "Risco Alto", "Risco Extremo"))))
A20: ='ETAPA 2. IDENTIFICAÇÃO DE EVENT'!C20 | C20: =IF(B20 = "Muito alta", 10, IF(B20 = "Alta", 8, IF(B20 = "Média", 5, IF(B20 = "Baixa", 2, IF(B20 = "Muito baixa", 1,0))))) -> 0 | E20: =IF(D20 = "Muito alto", 10, IF(D20 = "Alto", 8, IF(D20 = "Médio", 5, IF(D20 = "Baixo", 2, IF(D20 = "Muito baixo", 1,0))))) -> 0 | F20: =C20*E20 -> 0 | G20: =IF(F20=0,"",IF(F20<10, "Risco Baixo", IF(F20<40, "Risco Médio", IF(F20<80, "Risco Alto", "Risco Extremo")))) | K20: =IF(J20 = "Inexistente", 1, IF(J20 = "Fraco", 0.8, IF(J20 = "Mediano", 0.6, IF(J20 = "Satisfatório", 0.4, IF(J20 = "Forte", 0.2,0))))) -> 0 | L20: =K20*F20 -> 0 | M20: =IF(L20=0,"",IF(L20<10, "Risco Baixo", IF(L20<40, "Risco Médio", IF(L20<80, "Risco Alto", "Risco Extremo"))))
A21: ='ETAPA 2. IDENTIFICAÇÃO DE EVENT'!C21 | C21: =IF(B21 = "Muito alta", 10, IF(B21 = "Alta", 8, IF(B21 = "Média", 5, IF(B21 = "Baixa", 2, IF(B21 = "Muito baixa", 1,0))))) -> 0 | E21: =IF(D21 = "Muito alto", 10, IF(D21 = "Alto", 8, IF(D21 = "Médio", 5, IF(D21 = "Baixo", 2, IF(D21 = "Muito baixo", 1,0))))) -> 0 | F21: =C21*E21 -> 0 | G21: =IF(F21=0,"",IF(F21<10, "Risco Baixo", IF(F21<40, "Risco Médio", IF(F21<80, "Risco Alto", "Risco Extremo")))) | K21: =IF(J21 = "Inexistente", 1, IF(J21 = "Fraco", 0.8, IF(J21 = "Mediano", 0.6, IF(J21 = "Satisfatório", 0.4, IF(J21 = "Forte", 0.2,0))))) -> 0 | L21: =K21*F21 -> 0 | M21: =IF(L21=0,"",IF(L21<10, "Risco Baixo", IF(L21<40, "Risco Médio", IF(L21<80, "Risco Alto", "Risco Extremo"))))
A22: ='ETAPA 2. IDENTIFICAÇÃO DE EVENT'!C22 | C22: =IF(B22 = "Muito alta", 10, IF(B22 = "Alta", 8, IF(B22 = "Média", 5, IF(B22 = "Baixa", 2, IF(B22 = "Muito baixa", 1,0))))) -> 0 | E22: =IF(D22 = "Muito alto", 10, IF(D22 = "Alto", 8, IF(D22 = "Médio", 5, IF(D22 = "Baixo", 2, IF(D22 = "Muito baixo", 1,0))))) -> 0 | F22: =C22*E22 -> 0 | G22: =IF(F22=0,"",IF(F22<10, "Risco Baixo", IF(F22<40, "Risco Médio", IF(F22<80, "Risco Alto", "Risco Extremo")))) | K22: =IF(J22 = "Inexistente", 1, IF(J22 = "Fraco", 0.8, IF(J22 = "Mediano", 0.6, IF(J22 = "Satisfatório", 0.4, IF(J22 = "Forte", 0.2,0))))) -> 0 | L22: =K22*F22 -> 0 | M22: =IF(L22=0,"",IF(L22<10, "Risco Baixo", IF(L22<40, "Risco Médio", IF(L22<80, "Risco Alto", "Risco Extremo"))))
A23: ='ETAPA 2. IDENTIFICAÇÃO DE EVENT'!C23 | C23: =IF(B23 = "Muito alta", 10, IF(B23 = "Alta", 8, IF(B23 = "Média", 5, IF(B23 = "Baixa", 2, IF(B23 = "Muito baixa", 1,0))))) -> 0 | E23: =IF(D23 = "Muito alto", 10, IF(D23 = "Alto", 8, IF(D23 = "Médio", 5, IF(D23 = "Baixo", 2, IF(D23 = "Muito baixo", 1,0))))) -> 0 | F23: =C23*E23 -> 0 | G23: =IF(F23=0,"",IF(F23<10, "Risco Baixo", IF(F23<40, "Risco Médio", IF(F23<80, "Risco Alto", "Risco Extremo")))) | K23: =IF(J23 = "Inexistente", 1, IF(J23 = "Fraco", 0.8, IF(J23 = "Mediano", 0.6, IF(J23 = "Satisfatório", 0.4, IF(J23 = "Forte", 0.2,0))))) -> 0 | L23: =K23*F23 -> 0 | M23: =IF(L23=0,"",IF(L23<10, "Risco Baixo", IF(L23<40, "Risco Médio", IF(L23<80, "Risco Alto", "Risco Extremo"))))
A24: ='ETAPA 2. IDENTIFICAÇÃO DE EVENT'!C24 | C24: =IF(B24 = "Muito alta", 10, IF(B24 = "Alta", 8, IF(B24 = "Média", 5, IF(B24 = "Baixa", 2, IF(B24 = "Muito baixa", 1,0))))) -> 0 | E24: =IF(D24 = "Muito alto", 10, IF(D24 = "Alto", 8, IF(D24 = "Médio", 5, IF(D24 = "Baixo", 2, IF(D24 = "Muito baixo", 1,0))))) -> 0 | F24: =C24*E24 -> 0 | G24: =IF(F24=0,"",IF(F24<10, "Risco Baixo", IF(F24<40, "Risco Médio", IF(F24<80, "Risco Alto", "Risco Extremo")))) | K24: =IF(J24 = "Inexistente", 1, IF(J24 = "Fraco", 0.8, IF(J24 = "Mediano", 0.6, IF(J24 = "Satisfatório", 0.4, IF(J24 = "Forte", 0.2,0))))) -> 0 | L24: =K24*F24 -> 0 | M24: =IF(L24=0,"",IF(L24<10, "Risco Baixo", IF(L24<40, "Risco Médio", IF(L24<80, "Risco Alto", "Risco Extremo"))))
A25: ='ETAPA 2. IDENTIFICAÇÃO DE EVENT'!C25 | C25: =IF(B25 = "Muito alta", 10, IF(B25 = "Alta", 8, IF(B25 = "Média", 5, IF(B25 = "Baixa", 2, IF(B25 = "Muito baixa", 1,0))))) -> 0 | E25: =IF(D25 = "Muito alto", 10, IF(D25 = "Alto", 8, IF(D25 = "Médio", 5, IF(D25 = "Baixo", 2, IF(D25 = "Muito baixo", 1,0))))) -> 0 | F25: =C25*E25 -> 0 | G25: =IF(F25=0,"",IF(F25<10, "Risco Baixo", IF(F25<40, "Risco Médio", IF(F25<80, "Risco Alto", "Risco Extremo")))) | K25: =IF(J25 = "Inexistente", 1, IF(J25 = "Fraco", 0.8, IF(J25 = "Mediano", 0.6, IF(J25 = "Satisfatório", 0.4, IF(J25 = "Forte", 0.2,0))))) -> 0 | L25: =K25*F25 -> 0 | M25: =IF(L25=0,"",IF(L25<10, "Risco Baixo", IF(L25<40, "Risco Médio", IF(L25<80, "Risco Alto", "Risco Extremo"))))
A26: ='ETAPA 2. IDENTIFICAÇÃO DE EVENT'!C26 | C26: =IF(B26 = "Muito alta", 10, IF(B26 = "Alta", 8, IF(B26 = "Média", 5, IF(B26 = "Baixa", 2, IF(B26 = "Muito baixa", 1,0))))) -> 0 | E26: =IF(D26 = "Muito alto", 10, IF(D26 = "Alto", 8, IF(D26 = "Médio", 5, IF(D26 = "Baixo", 2, IF(D26 = "Muito baixo", 1,0))))) -> 0 | F26: =C26*E26 -> 0 | G26: =IF(F26=0,"",IF(F26<10, "Risco Baixo", IF(F26<40, "Risco Médio", IF(F26<80, "Risco Alto", "Risco Extremo")))) | K26: =IF(J26 = "Inexistente", 1, IF(J26 = "Fraco", 0.8, IF(J26 = "Mediano", 0.6, IF(J26 = "Satisfatório", 0.4, IF(J26 = "Forte", 0.2,0))))) -> 0 | L26: =K26*F26 -> 0 | M26: =IF(L26=0,"",IF(L26<10, "Risco Baixo", IF(L26<40, "Risco Médio", IF(L26<80, "Risco Alto", "Risco Extremo"))))
A27: ='ETAPA 2. IDENTIFICAÇÃO DE EVENT'!C27 | C27: =IF(B27 = "Muito alta", 10, IF(B27 = "Alta", 8, IF(B27 = "Média", 5, IF(B27 = "Baixa", 2, IF(B27 = "Muito baixa", 1,0))))) -> 0 | E27: =IF(D27 = "Muito alto", 10, IF(D27 = "Alto", 8, IF(D27 = "Médio", 5, IF(D27 = "Baixo", 2, IF(D27 = "Muito baixo", 1,0))))) -> 0 | F27: =C27*E27 -> 0 | G27: =IF(F27=0,"",IF(F27<10, "Risco Baixo", IF(F27<40, "Risco Médio", IF(F27<80, "Risco Alto", "Risco Extremo")))) | K27: =IF(J27 = "Inexistente", 1, IF(J27 = "Fraco", 0.8, IF(J27 = "Mediano", 0.6, IF(J27 = "Satisfatório", 0.4, IF(J27 = "Forte", 0.2,0))))) -> 0 | L27: =K27*F27 -> 0 | M27: =IF(L27=0,"",IF(L27<10, "Risco Baixo", IF(L27<40, "Risco Médio", IF(L27<80, "Risco Alto", "Risco Extremo"))))
A28: ='ETAPA 2. IDENTIFICAÇÃO DE EVENT'!C28 | C28: =IF(B28 = "Muito alta", 10, IF(B28 = "Alta", 8, IF(B28 = "Média", 5, IF(B28 = "Baixa", 2, IF(B28 = "Muito baixa", 1,0))))) -> 0 | E28: =IF(D28 = "Muito alto", 10, IF(D28 = "Alto", 8, IF(D28 = "Médio", 5, IF(D28 = "Baixo", 2, IF(D28 = "Muito baixo", 1,0))))) -> 0 | F28: =C28*E28 -> 0 | G28: =IF(F28=0,"",IF(F28<10, "Risco Baixo", IF(F28<40, "Risco Médio", IF(F28<80, "Risco Alto", "Risco Extremo")))) | K28: =IF(J28 = "Inexistente", 1, IF(J28 = "Fraco", 0.8, IF(J28 = "Mediano", 0.6, IF(J28 = "Satisfatório", 0.4, IF(J28 = "Forte", 0.2,0))))) -> 0 | L28: =K28*F28 -> 0 | M28: =IF(L28=0,"",IF(L28<10, "Risco Baixo", IF(L28<40, "Risco Médio", IF(L28<80, "Risco Alto", "Risco Extremo"))))
... A31: ='ETAPA 2. IDENTIFICAÇÃO DE EVENT'!C31 | C31: =IF(B31 = "Muito alta", 10, IF(B31 = "Alta", 8, IF(B31 = "Média", 5, IF(B31 = "Baixa", 2, IF(B31 = "Muito baixa", 1,0))))) -> 0 | E31: =IF(D31 = "Muito alto", 10, IF(D31 = "Alto", 8, IF(D31 = "Médio", 5, IF(D31 = "Baixo", 2, IF(D31 = "Muito baixo", 1,0))))) -> 0 | F31: =C31*E31 -> 0 | G31: =IF(F31=0,"",IF(F31<10, "Risco Baixo", IF(F31<40, "Risco Médio", IF(F31<80, "Risco Alto", "Risco Extremo")))) | K31: =IF(J31 = "Inexistente", 1, IF(J31 = "Fraco", 0.8, IF(J31 = "Mediano", 0.6, IF(J31 = "Satisfatório", 0.4, IF(J31 = "Forte", 0.2,0))))) -> 0 | L31: =K31*F31 -> 0 | M31: =IF(L31=0,"",IF(L31<10, "Risco Baixo", IF(L31<40, "Risco Médio", IF(L31<80, "Risco Alto", "Risco Extremo"))))

Sheet ETAPA 4. RESPOSTA AOS RISCOS
A1: Resposta aos Riscos
A2: Processo | B2: Fase | C2: Evento de Risco | D2: Opção de Tratamento | E2: Justificativa da escolha da opção de tratamento
A3: ='ETAPA 2. IDENTIFICAÇÃO DE EVENT'!A3 -> Evento de entrega de diplomas de conclusão de curso | D3: Mitigar
A4: ='ETAPA 2. IDENTIFICAÇÃO DE EVENT'!A4 -> Evento de entrega de diplomas de conclusão de curso | B4: ='ETAPA 2. IDENTIFICAÇÃO DE EVENT'!B4 -> Planejamento | C4: ='ETAPA 2. IDENTIFICAÇÃO DE EVENT'!C4 -> Entrega de diploma com dados incorretos (ex: nome do curso, data, nome do aluno). | D4: Mitigar | E4: Economia: Evitar os altos custos e o retrabalho de reimprimir, reemitir e registrar diplomas errados; Reputação: Proteger a credibilidade da UFC e a satisfação dos formandos; Legalidade: Garantir que o diploma seja válido legalmente, evitando problemas futuros para o aluno e a instituição.
A5: ='ETAPA 2. IDENTIFICAÇÃO DE EVENT'!A5 -> Evento de entrega de diplomas de conclusão de curso | B5: Planejamento | C5: ='ETAPA 2. IDENTIFICAÇÃO DE EVENT'!C5 -> Não comparecimento (ausência) da autoridade máxima (Reitor/Diretor) na data marcada. | D5: Aceitar | E5: O custo/esforço de garantir 100% da presença é alto. O impacto é gerenciável (pode ser substituído pelo Vice ou outra autoridade), aceitando-se a perda de prestígio.
A6: ='ETAPA 2. IDENTIFICAÇÃO DE EVENT'!A6 -> Evento de entrega de diplomas de conclusão de curso | B6: Planejamento | C6: ='ETAPA 2. IDENTIFICAÇÃO DE EVENT'!C6 -> Superlotação do local, excedendo a capacidade de segurança e conforto (falha no controle de convites). | D6: Evitar | E6: O risco de segurança física e multas é inaceitável. Deve-se eliminar a causa, garantindo um controle rigoroso de convites que não exceda a capacidade do local.
A7: ='ETAPA 2. IDENTIFICAÇÃO DE EVENT'!A7 -> Evento de entrega de diplomas de conclusão de curso | B7: Planejamento | C7: ='ETAPA 2. IDENTIFICAÇÃO DE EVENT'!C7 -> Entrega do diploma ao formando errado devido à falha de identificação no momento da retirada. | D7: Compartilhar | E7: O impacto financeiro de um extravio pode ser transferido parcialmente para um seguro (para extravios maiores) ou compartilhado com a empresa terceirizada responsável pela entrega e conferência de documentos.
A8: ='ETAPA 2. IDENTIFICAÇÃO DE EVENT'!A8 -> Evento de entrega de diplomas de conclusão de curso | B8: Planejamento | C8: ='ETAPA 2. IDENTIFICAÇÃO DE EVENT'!C8 -> Tentativa de fraude (colação de grau por procuração falsa ou retirada de diploma por terceiros não autorizados). | D8: Mitigar | E8: O risco à integridade e a possível responsabilidade legal são altos. A mitigação (protocolos de autenticação) é necessária para proteger a validade jurídica do processo.
A9: ='ETAPA 2. IDENTIFICAÇÃO DE EVENT'!A9 -> Evento de entrega de diplomas de conclusão de curso | B9: Planejamento | C9: ='ETAPA 2. IDENTIFICAÇÃO DE EVENT'!C9 -> Falha técnica nos equipamentos de som ou projeção durante a solenidade (microfones, telões, iluminação). | D9: Aceitar | E9: O impacto é temporário e o custo de ter sistemas de backup completos (redundância total) para tudo pode ser muito alto, sendo mais eficiente aceitar o risco e ter ações de recuperação rápidas.
A10: ='ETAPA 2. IDENTIFICAÇÃO DE EVENT'!A10 -> Evento de entrega de diplomas de conclusão de curso | B10: Planejamento | C10: ='ETAPA 2. IDENTIFICAÇÃO DE EVENT'!C10 -> O número de diplomas prontos para entrega é menor que o número de formandos aptos confirmados. | D10: Aceitar | E10: Embora cause frustração, o custo da urgência e do esforço logístico extra de produzir 100% de backup físico é alto. A mitigação de erro humano (conferência tripla de aptos) é a prioridade, aceitando-se o risco residual.
A11: ='ETAPA 2. IDENTIFICAÇÃO DE EVENT'!A11 -> Evento de entrega de diplomas de conclusão de curso | B11: Planejamento | C11: ='ETAPA 2. IDENTIFICAÇÃO DE EVENT'!C11 -> Divulgação de notícias negativas ou reclamações públicas (ex: em redes sociais) sobre a má organização ou atrasos excessivos. | D11: Mitigar | E11: O dano reputacional é de alto impacto e longo prazo. Ações de mitigação (ex: comunicação e gerenciamento de crises) são essenciais para reduzir a velocidade e o alcance das reclamações.
A12: ='ETAPA 2. IDENTIFICAÇÃO DE EVENT'!A12 -> Evento de entrega de diplomas de conclusão de curso | B12: Planejamento | C12: ='ETAPA 2. IDENTIFICAÇÃO DE EVENT'!C12 -> Ocorrência de acidentes ou incidentes físicos com convidados ou formandos nas dependências do local do evento. | D12: Evitar | E12: O risco de danos físicos graves aos convidados ou formandos e a responsabilidade civil são inaceitáveis. Deve-se eliminar a causa (ex: inspecionando o local e exigindo laudos de segurança).
A13: ='ETAPA 2. IDENTIFICAÇÃO DE EVENT'!A13 -> Evento de entrega de diplomas de conclusão de curso | B13: Planejamento | C13: ='ETAPA 2. IDENTIFICAÇÃO DE EVENT'!C13 -> Atraso na liberação ou entrega do espaço físico (auditório/teatro) para a montagem no dia do evento. | D13: Mitigar | E13: O atraso afeta todo o cronograma e a qualidade da montagem. A mitigação (ex: cláusulas contratuais rígidas e pré-agendamento de folga) é necessária para reduzir a probabilidade de ocorrência.
A14: ='ETAPA 2. IDENTIFICAÇÃO DE EVENT'!A14 -> Evento de entrega de diplomas de conclusão de curso | B14: ='ETAPA 2. IDENTIFICAÇÃO DE EVENT'!B14 | C14: ='ETAPA 2. IDENTIFICAÇÃO DE EVENT'!C14
A15: ='ETAPA 2. IDENTIFICAÇÃO DE EVENT'!A15 -> Evento de entrega de diplomas de conclusão de curso | B15: ='ETAPA 2. IDENTIFICAÇÃO DE EVENT'!B15 | C15: ='ETAPA 2. IDENTIFICAÇÃO DE EVENT'!C15
A16: ='ETAPA 2. IDENTIFICAÇÃO DE EVENT'!A16 -> Evento de entrega de diplomas de conclusão de curso | B16: ='ETAPA 2. IDENTIFICAÇÃO DE EVENT'!B16 | C16: ='ETAPA 2. IDENTIFICAÇÃO DE EVENT'!C16
A17: ='ETAPA 2. IDENTIFICAÇÃO DE EVENT'!A17 -> Evento de entrega de diplomas de conclusão de curso | B17: ='ETAPA 2. IDENTIFICAÇÃO DE EVENT'!B17 | C17: ='ETAPA 2. IDENTIFICAÇÃO DE EVENT'!C17
A18: ='ETAPA 2. IDENTIFICAÇÃO DE EVENT'!A18 -> Evento de entrega de diplomas de conclusão de curso | B18: ='ETAPA 2. IDENTIFICAÇÃO DE EVENT'!B18 | C18: ='ETAPA 2. IDENTIFICAÇÃO DE EVENT'!C18
A19: ='ETAPA 2. IDENTIFICAÇÃO DE EVENT'!A19 -> Evento de entrega de diplomas de conclusão de curso | B19: ='ETAPA 2. IDENTIFICAÇÃO DE EVENT'!B19 | C19: ='ETAPA 2. IDENTIFICAÇÃO DE EVENT'!C19
A20: ='ETAPA 2. IDENTIFICAÇÃO DE EVENT'!A20 -> Evento de entrega de diplomas de conclusão de curso | B20: ='ETAPA 2. IDENTIFICAÇÃO DE EVENT'!B20 | C20: ='ETAPA 2. IDENTIFICAÇÃO DE EVENT'!C20
A21: ='ETAPA 2. IDENTIFICAÇÃO DE EVENT'!A21 -> Evento de entrega de diplomas de conclusão de curso | B21: ='ETAPA 2. IDENTIFICAÇÃO DE EVENT'!B21 | C21: ='ETAPA 2. IDENTIFICAÇÃO DE EVENT'!C21
A22: ='ETAPA 2. IDENTIFICAÇÃO DE EVENT'!A22 -> Evento de entrega de diplomas de conclusão de curso | B22: ='ETAPA 2. IDENTIFICAÇÃO DE EVENT'!B22 | C22: ='ETAPA 2. IDENTIFICAÇÃO DE EVENT'!C22
A23: ='ETAPA 2. IDENTIFICAÇÃO DE EVENT'!A23 -> Evento de entrega de diplomas de conclusão de curso | B23: ='ETAPA 2. IDENTIFICAÇÃO DE EVENT'!B23 | C23: ='ETAPA 2. IDENTIFICAÇÃO DE EVENT'!C23
A24: ='ETAPA 2. IDENTIFICAÇÃO DE EVENT'!A24 -> Evento de entrega de diplomas de conclusão de curso | B24: ='ETAPA 2. IDENTIFICAÇÃO DE EVENT'!B24 | C24: ='ETAPA 2. IDENTIFICAÇÃO DE EVENT'!C24
A25: ='ETAPA 2. IDENTIFICAÇÃO DE EVENT'!A25 -> Evento de entrega de diplomas de conclusão de curso | B25: ='ETAPA 2. IDENTIFICAÇÃO DE EVENT'!B25 | C25: ='ETAPA 2. IDENTIFICAÇÃO DE EVENT'!C25
... A85: ='ETAPA 2. IDENTIFICAÇÃO DE EVENT'!A85 | B85: ='ETAPA 2. IDENTIFICAÇÃO DE EVENT'!B85 | C85: ='ETAPA 2. IDENTIFICAÇÃO DE EVENT'!C85

Sheet ETAPA 5. ATIVIDADES DE CONTROLE
A1: Plano de Tratamento | I1: Plano de Contingência
A2: Evento de Risco | B2: Opção de Tratamento | C2: Responsável pelo Tratamento | D2: Data prevista para início da implementação | E2: Data prevista para o fim da implementação | F2: Status | G2: Ações preventivas | H2: Monitoramento | I2: Gatilho (descrever) | J2: Ações de Contingência (descrever) | K2: Responsável
A3: ='ETAPA 2. IDENTIFICAÇÃO DE EVENT'!C3 -> Imediato | B3: ='ETAPA 4. RESPOSTA AOS RISCOS'!D3 -> Mitigar
A4: ='ETAPA 2. IDENTIFICAÇÃO DE EVENT'!C4 -> Entrega de diploma com dados incorretos (ex: nome do curso, data, nome do aluno). | B4: ='ETAPA 4. RESPOSTA AOS RISCOS'!D4 -> Mitigar | C4: João Silva | D4: 46027 | E4: 46045 | F4: Não implementado | G4: Implementar Protocolo de Validação Tripla (Sistema + Setores + Aceite formal do Formando) antes da impressão. | H4: Frequência de Erros: Monitorar o número de erros detectados durante as etapas de validação (antes da impressão). | I4: Identificação de Erro: Formando notifica o erro no diploma durante ou logo após o evento. | J4: Atenuação: Guichê de Atendimento Rápido para registrar o erro. Recuperação: Priorizar o processo de reemissão em prazo máximo reduzido (ex: 15 dias). | K4: João Silva
A5: ='ETAPA 2. IDENTIFICAÇÃO DE EVENT'!C5 -> Não comparecimento (ausência) da autoridade máxima (Reitor/Diretor) na data marcada. | B5: ='ETAPA 4. RESPOSTA AOS RISCOS'!D5 -> Aceitar | C5: João Silva | D5: 46028 | E5: 46046 | F5: Não implementado | G5: Definir e confirmar, com antecedência de 90 dias, a autoridade substituta e incluí-la no cerimonial de backup. | H5: Confirmação de Presença: Acompanhar o status da agenda da autoridade máxima e do substituto (check diário na semana do evento). | I5: Ausência Confirmada: A autoridade máxima ou seu gabinete informa a ausência com menos de 24 horas de antecedência. | J5: Atenuação: Anunciar a substituição no início do evento com ênfase no motivo. Recuperação: Enviar carta formal da autoridade ausente aos formandos, reconhecendo a importância da solenidade. | K5: João Silva
A6: ='ETAPA 2. IDENTIFICAÇÃO DE EVENT'!C6 -> Superlotação do local, excedendo a capacidade de segurança e conforto (falha no controle de convites). | B6: ='ETAPA 4. RESPOSTA AOS RISCOS'!D6 -> Evitar | C6: João Silva | D6: 46029 | E6: 46047 | F6: Não implementado | G6: Emitir convites com QR code rastreável, limitando rigorosamente a emissão à capacidade. Implementar controle de acesso digital na entrada. | H6: Contagem de Acesso: Monitorar a contagem em tempo real do número de convidados que passaram pela catraca/QR code, comparando com a capacidade máxima. | I6: Limite Atingido: O sistema de controle de acesso atinge 95% da capacidade antes do horário de início da cerimônia. | J6: Atenuação: Designar segurança para interromper a entrada e comunicar o público com calma. Recuperação: Oferecer transmissão por streaming ao vivo para convidados barrados ou direcioná-los a uma sala de anexo. | K6: João Silva
A7: ='ETAPA 2. IDENTIFICAÇÃO DE EVENT'!C7 -> Entrega do diploma ao formando errado devido à falha de identificação no momento da retirada. | B7: ='ETAPA 4. RESPOSTA AOS RISCOS'!D7 -> Compartilhar | C7: João Silva | D7: 46030 | E7: 46048 | F7: Não implementado | G7: Exigir documento de identidade oficial com foto e implementar sistema de dupla checagem no ponto de retirada. | H7: Conformidade: Fazer auditoria por amostragem na entrega, verificando se 100% dos formandos apresentaram RG. | I7: Reclamação de Extravio: Um formando alega que seu diploma não foi encontrado ou que foi entregue a outra pessoa. | J7: Atenuação: Interromper imediatamente a fila de entrega para revisão do protocolo. Recuperação: Acionar o seguro contra extravio/roubo e iniciar o processo de reemissão com investigação interna. | K7: João Silva
A8: ='ETAPA 2. IDENTIFICAÇÃO DE EVENT'!C8 -> Tentativa de fraude (colação de grau por procuração falsa ou retirada de diploma por terceiros não autorizados). | B8: ='ETAPA 4. RESPOSTA AOS RISCOS'!D8 -> Mitigar | C8: João Silva | D8: 46031 | E8: 46049 | F8: Não implementado | G8: Criar um cadastro prévio de procurações com verificação de autenticidade. Exigir autenticação rigorosa de todas as identidades no local. | H8: Validação: Monitorar a porcentagem de procurações ou documentos rejeitados por suspeita de fraude na triagem inicial. | I8: Suspeita Confirmada: A equipe de segurança ou protocolo identifica documentação visivelmente falsa (procuração, identidade) no momento da entrega. | J8: Atenuação: Acionar a segurança interna para isolar o indivíduo suspeito e notificar imediatamente o setor jurídico. Recuperação: Documentar a tentativa de fraude para fins legais e revisar o protocolo de segurança. | K8: João Silva
A9: ='ETAPA 2. IDENTIFICAÇÃO DE EVENT'!C9 -> Falha técnica nos equipamentos de som ou projeção durante a solenidade (microfones, telões, iluminação). | B9: ='ETAPA 4. RESPOSTA AOS RISCOS'!D9 -> Aceitar | C9: João Silva | D9: 46032 | E9: 46050 | F9: Não implementado | G9: Realizar teste de som e projeção completo (walk-through) 2 horas antes do evento. Ter equipamento de backup essenciais (microfones e cabos) prontamente disponíveis. | H9: Checklist: O técnico de som/luz deve assinar um checklist de testes completo 30 minutos antes do início do evento. | I9: Falha Total: Interrupção do som, luz principal ou projeção por mais de 2 minutos durante a cerimônia. | J9: Atenuação: Acionar o plano B (microfone de mão de backup ou projetor reserva). Recuperação: Comunicar o público com calma e retomar a solenidade usando o equipamento reserva o mais rápido possível. | K9: João Silva
A10: ='ETAPA 2. IDENTIFICAÇÃO DE EVENT'!C10 -> O número de diplomas prontos para entrega é menor que o número de formandos aptos confirmados. | B10: ='ETAPA 4. RESPOSTA AOS RISCOS'!D10 -> Aceitar | C10: João Silva | D10: 46033 | E10: 46051 | F10: Não implementado | G10: Otimizar o protocolo de conferência de aptidão para reduzir a chance de erro de contagem. Criar uma lista de urgência (Formandos Aptos) 48h antes do evento. | H10: Confronto de Listas: Fazer uma conferência final na manhã do evento entre o número de aptos confirmados e o número de diplomas embalados. | I10: Divergência: A contagem final na manhã do evento revela diplomas faltantes para formandos aptos. | J10: Atenuação: Chamar apenas os formandos cujos diplomas estão presentes, comunicando os ausentes com extrema discrição. Recuperação: Iniciar imediatamente a impressão urgente dos diplomas faltantes e organizar uma entrega especial prioritária. | K10: João Silva
A11: ='ETAPA 2. IDENTIFICAÇÃO DE EVENT'!C11 -> Divulgação de notícias negativas ou reclamações públicas (ex: em redes sociais) sobre a má organização ou atrasos excessivos. | B11: ='ETAPA 4. RESPOSTA AOS RISCOS'!D11 -> Mitigar | C11: João Silva | D11: 46034 | E11: 46052 | F11: Não implementado | G11: Elaborar um Plano de Comunicação e Crise, incluindo mensagens (scripts) de resposta rápida e padronizadas para social media. | H11: Mídia Social: Monitorar menções à UFC e ao evento nas principais redes sociais e imprensa durante as 24h pós-evento. | I11: Viralização: Identificação de mais de 10 reclamações negativas similares ou uma matéria na imprensa com tom desfavorável. | J11: Atenuação: Responder de forma empática e transparente em até 2 horas nas redes sociais, canalizando a reclamação para um contato privado. Recuperação: Publicar uma nota oficial de esclarecimento e pedido de desculpas pela autoridade máxima, detalhando as ações corretivas. | K11: João Silva
A12: ='ETAPA 2. IDENTIFICAÇÃO DE EVENT'!C12 -> Ocorrência de acidentes ou incidentes físicos com convidados ou formandos nas dependências do local do evento. | B12: ='ETAPA 4. RESPOSTA AOS RISCOS'!D12 -> Evitar | C12: João Silva | D12: 46035 | E12: 46053 | F12: Não implementado | G12: Realizar inspeção de segurança prévia no local (pisos, iluminação) e exigir a presença de uma equipe de primeiros socorros/bombeiros durante o evento. | H12: Checklist de Segurança: O responsável deve assinar um laudo de inspeção de segurança 24h antes do evento. | I12: Acidente Grave: Ocorrência de lesão que exige atendimento médico de urgência ou evacuação do local. | J12: Atenuação: Prestar o primeiro socorro imediatamente, isolar a área do acidente e garantir que o restante do evento possa prosseguir. Recuperação: Acionar o seguro de responsabilidade civil, preencher o relatório de ocorrência e acompanhar o estado de saúde da vítima. | K12: João Silva
A13: ='ETAPA 2. IDENTIFICAÇÃO DE EVENT'!C13 -> Atraso na liberação ou entrega do espaço físico (auditório/teatro) para a montagem no dia do evento. | B13: ='ETAPA 4. RESPOSTA AOS RISCOS'!D13 -> Mitigar | C13: João Silva | D13: 46036 | E13: 46054 | F13: Não implementado | G13: Incluir cláusulas contratuais rigorosas com o fornecedor que preveem multas por atraso. Agendar o espaço com uma folga de 4 horas antes do horário de montagem. | H13: Status da Entrega: O responsável pela montagem deve confirmar a liberação do espaço (com foto) no horário exato estipulado no contrato. | I13: Atraso na Liberação: O espaço não é liberado para a equipe de montagem 1 hora após o horário contratado. | J13: Atenuação: Utilizar o tempo de buffer para manter o cronograma. Recuperação: Acionar imediatamente as multas contratuais e mobilizar uma equipe extra de montagem para acelerar o processo e minimizar o atraso no início do evento. | K13: João Silva
A14: ='ETAPA 2. IDENTIFICAÇÃO DE EVENT'!C14 | B14: ='ETAPA 4. RESPOSTA AOS RISCOS'!D14
A15: ='ETAPA 2. IDENTIFICAÇÃO DE EVENT'!C15 | B15: ='ETAPA 4. RESPOSTA AOS RISCOS'!D15
A16: ='ETAPA 2. IDENTIFICAÇÃO DE EVENT'!C16 | B16: ='ETAPA 4. RESPOSTA AOS RISCOS'!D16
A17: ='ETAPA 2. IDENTIFICAÇÃO DE EVENT'!C17 | B17: ='ETAPA 4. RESPOSTA AOS RISCOS'!D17
A18: ='ETAPA 2. IDENTIFICAÇÃO DE EVENT'!C18 | B18: ='ETAPA 4. RESPOSTA AOS RISCOS'!D18
A19: ='ETAPA 2. IDENTIFICAÇÃO DE EVENT'!C19 | B19: ='ETAPA 4. RESPOSTA AOS RISCOS'!D19
A20: ='ETAPA 2. IDENTIFICAÇÃO DE EVENT'!C20 | B20: ='ETAPA 4. RESPOSTA AOS RISCOS'!D20
A21: ='ETAPA 2. IDENTIFICAÇÃO DE EVENT'!C21 | B21: ='ETAPA 4. RESPOSTA AOS RISCOS'!D21
A22: ='ETAPA 2. IDENTIFICAÇÃO DE EVENT'!C22 | B22: ='ETAPA 4. RESPOSTA AOS RISCOS'!D22
A23: ='ETAPA 2. IDENTIFICAÇÃO DE EVENT'!C23 | B23: ='ETAPA 4. RESPOSTA AOS RISCOS'!D23
A24: ='ETAPA 2. IDENTIFICAÇÃO DE EVENT'!C24 | B24: ='ETAPA 4. RESPOSTA AOS RISCOS'!D24
A25: ='ETAPA 2. IDENTIFICAÇÃO DE EVENT'!C25 | B25: ='ETAPA 4. RESPOSTA AOS RISCOS'!D25
... A60: ='ETAPA 2. IDENTIFICAÇÃO DE EVENT'!C60 | B60: ='ETAPA 4. RESPOSTA AOS RISCOS'!D60

Sheet OCORRÊNCIAS DE RISCO
A1: Ocorrências de Risco
A2: Evento de Risco | B2: Data da Ocorrência | C2: Descrição da Ocorrência (descrever) | D2: Responsável pela Solução | E2: Solução (descrever) | F2: Resultados (descrever)
A3: Entrega de diploma com dados incorretos (ex: nome do curso, data, nome do aluno). | B3: 45994 | C3: Formando recebe um diploma com erros de grafia, data ou curso, inutilizando o documento. | D3: João Silva | E3: Implementação de Protocolo de Validação Tripla (Sistema, Setores e Aceite Formal do Formando). | F3: Redução a zero do índice de diplomas reemitidos; Economia de custos de retrabalho; Aumento imediato da satisfação.
A4: Não comparecimento (ausência) da autoridade máxima (Reitor/Diretor) na data marcada. | B4: 45994 | C4: O Reitor(a) ou Diretor(a) falta ao evento sem prévio aviso, forçando a substituição por uma autoridade de menor escalão. | D4: João Silva | E4: Definição e confirmação antecipada da Autoridade Substituta (Vice/Pró-Reitor) com inclusão no cerimonial de backup. | F4: Manutenção da solenidade e da hierarquia da cerimônia, minimizando o impacto no prestígio.
A5: Superlotação do local, excedendo a capacidade de segurança e conforto. | B5: 45994 | C5: O número de convidados excede a capacidade máxima do local, gerando desconforto, desorganização e risco de segurança. | D5: João Silva | E5: Implementação de Controle de Acesso Rígido (QR Code/Digital) que bloqueia a entrada ao atingir 100% da capacidade. | F5: Garantia da segurança física dos presentes; Evita multas e interrupções por excesso de público.
A6: Entrega do diploma ao formando errado devido à falha de identificação no momento da retirada. | B6: 45994 | C6: Falha na identificação faz com que um formando retire o diploma de outro, causando extravio e necessidade de reemissão. | D6: João Silva | E6: Exigência de Documento de Identidade com Foto e uso de sistema de Dupla Checagem no ponto de entrega. | F6: Zero extravios de diplomas no evento; Proteção da integridade do documento.
A7: Tentativa de fraude (colação de grau por procuração falsa ou retirada de diploma por terceiros não autorizados). | B7: 45994 | C7: Uso de procuração ou documentos falsos por terceiros para retirada indevida de um diploma. | D7: João Silva | E7: Validação de Autenticidade prévia de procurações e autenticação rigorosa de todas as identidades no local. | F7: Proteção da validade jurídica do diploma; Prevenção de responsabilidade legal por entrega indevida.
A8: Falha técnica nos equipamentos de som ou projeção durante a solenidade. | B8: 45994 | C8: Som ou projeção param de funcionar durante a cerimônia, causando interrupção e confusão. | D8: João Silva | E8: Teste de Equipamentos (Walk-through) completo 2h antes e garantia de Microfones e Cabos de Backup disponíveis. | F8: Continuidade da solenidade (interrupção máxima de 2 minutos); Evita a percepção de amadorismo na organização.
A9: O número de diplomas prontos para entrega é menor que o número de formandos aptos confirmados. | B9: 45994 | C9: Erro de logística ou contagem faz com que formandos aptos fiquem sem o diploma no dia do evento. | D9: João Silva | E9: Conferência de Aptidão Otimizada e Confronto Final de Listas 48h antes do evento. | F9: Garantia de que todos os formandos aptos recebam o diploma no momento da solenidade; Evita frustração e custo extra de entregas posteriores.
A10: Divulgação de notícias negativas ou reclamações públicas sobre a má organização ou atrasos excessivos. | B10: 45994 | C10: Reclamações sobre atrasos ou má organização são amplificadas nas redes sociais ou mídia, gerando crise de imagem. | D10: João Silva | E10: Elaboração de Plano de Comunicação e Crise com mensagens padronizadas de resposta rápida. | F10: Redução do dano reputacional; Resposta rápida e profissional, demonstrando controle da situação.
A11: Ocorrência de acidentes ou incidentes físicos com convidados ou formandos nas dependências do local do evento. | B11: 45994 | C11: Acidentes (queda, mal súbito) com formandos ou convidados devido a falhas na infraestrutura ou falta de socorro. | D11: João Silva | E11: Inspeção de Segurança prévia do local e presença obrigatória de Equipe de Primeiros Socorros (Bombeiros/Técnicos). | F11: Preservação da integridade física dos participantes; Minimização da responsabilidade civil da instituição.
A12: Atraso na liberação ou entrega do espaço físico para a montagem no dia do evento. | B12: 45994 | C12: O local não é entregue no horário contratado, atrasando a montagem e, consequentemente, o início da cerimônia. | D12: João Silva | E12: Cláusulas Contratuais Rígidas com multas por atraso e agendamento com "Folga" (Buffer) de tempo de 4h. | F12: Manutenção do cronograma do evento; Maior poder de negociação e penalização em caso de falha do fornecedor.

Sheet Lista de Siglas
A1: Sigla | B1: Significado da Sigla
